{
  "membership": "M001",
  "type": "General",
  "id": "231",
  "name": "Clark Consultants",
  "address": {
    "address": "259 Concorde Suites",
    "city": "Lincoln",
    "state": "NE",
    "zip": "68588-0115",
    "country": "USA"
  }
}
{
  "membership": "M002",
  "type": "Student",
  "id": "944c",
  "name": "CAS International Fellows",
  "address": {
    "address": "1223 Oldfather Hall",
    "city": "Lincoln",
    "state": "NE",
    "zip": "68503",
    "country": "USA"
  }
}
{
  "membership": "M003",
  "type": "Student",
  "id": "306a",
  "name": "Valueless Club",
  "address": {
    "address": "123 Venture Way",
    "city": "Culver City",
    "state": "CA",
    "zip": "90230",
    "country": "USA"
  }
}
{
  "membership": "M004",
  "type": "General",
  "id": "321f",
  "name": "Stony Brook",
  "address": {
    "address": "9800 Savage Rd",
    "city": "Fort Meade",
    "state": "MD",
    "zip": "20755",
    "country": "USA"
  }
}
{
  "membership": "M005",
  "type": "General",
  "id": "bbchar",
  "name": "Hewlett Industries",
  "address": {
    "address": "1060 West Addison",
    "city": "Chicago",
    "state": "IL",
    "zip": "60601",
    "country": "USA"
  }
}
{
  "membership": "M006",
  "type": "Student",
  "id": "321dr",
  "name": "Gregory Smith",
  "address": {
    "address": "456 West 7th St.",
    "city": "Omaha",
    "state": "NE",
    "zip": "68500",
    "country": "USA"
  }
}
