<?xml version="1.0" encoding="UTF-8" ?>
<person>
  <membership>M001</membership>
  <type>General</type>
  <id>231</id>
  <name>Clark Consultants</name>
  <address>
    <address>259 Concorde Suites</address>
    <city>Lincoln</city>
    <state>NE</state>
    <zip>68588-0115</zip>
    <country>USA</country>
  </address>
</person><person>
  <membership>M002</membership>
  <type>Student</type>
  <id>944c</id>
  <name>CAS International Fellows</name>
  <address>
    <address>1223 Oldfather Hall</address>
    <city>Lincoln</city>
    <state>NE</state>
    <zip>68503</zip>
    <country>USA</country>
  </address>
</person><person>
  <membership>M003</membership>
  <type>Student</type>
  <id>306a</id>
  <name>Valueless Club</name>
  <address>
    <address>123 Venture Way</address>
    <city>Culver City</city>
    <state>CA</state>
    <zip>90230</zip>
    <country>USA</country>
  </address>
</person><person>
  <membership>M004</membership>
  <type>General</type>
  <id>321f</id>
  <name>Stony Brook</name>
  <address>
    <address>9800 Savage Rd</address>
    <city>Fort Meade</city>
    <state>MD</state>
    <zip>20755</zip>
    <country>USA</country>
  </address>
</person><person>
  <membership>M005</membership>
  <type>General</type>
  <id>bbchar</id>
  <name>Hewlett Industries</name>
  <address>
    <address>1060 West Addison</address>
    <city>Chicago</city>
    <state>IL</state>
    <zip>60601</zip>
    <country>USA</country>
  </address>
</person><person>
  <membership>M006</membership>
  <type>Student</type>
  <id>321dr</id>
  <name>Gregory Smith</name>
  <address>
    <address>456 West 7th St.</address>
    <city>Omaha</city>
    <state>NE</state>
    <zip>68500</zip>
    <country>USA</country>
  </address>
</person>