<?xml version="1.0" encoding="UTF-8" ?>
<person>
  <firstName>Starlin</firstName>
  <lastName>Castro</lastName>
  <id>944c</id>
  <address>
    <address>1060 West Addison Street</address>
    <city>Chicago</city>
    <state>IL</state>
    <zip>60613</zip>
    <country>USA</country>
  </address>
  <email>
    <emails>
      <string>scastro@cubs.com</string>
      <string>starlin_castro13@gmail.com</string>
    </emails>
  </email>
</person><person>
  <firstName>Brock</firstName>
  <lastName>Sampson</lastName>
  <id>306a</id>
  <address>
    <address>123 N 1st Street</address>
    <city>Omaha</city>
    <state>NE</state>
    <zip>68116</zip>
    <country>USA</country>
  </address>
  <email>
    <emails>
      <string>brock_f_sampson@gmail.com</string>
      <string>bsampson@venture.com</string>
    </emails>
  </email>
</person><person>
  <firstName>Miles</firstName>
  <lastName>McCarthy</lastName>
  <id>55bb</id>
  <address>
    <address>8753 West 3rd Ave.</address>
    <city>Dallas</city>
    <state>TX</state>
    <zip>75001</zip>
    <country>USA</country>
  </address>
  <email>
    <emails>
      <string>obrien@ds9.com</string>
      <string>obrien@enterprise.gov</string>
    </emails>
  </email>
</person><person>
  <firstName>Jeff</firstName>
  <lastName>Spalding</lastName>
  <id>2342</id>
  <address>
    <address>123 Friendly Street</address>
    <city>Ottawa</city>
    <state>ON</state>
    <zip>K1A 0G9</zip>
    <country>Canada</country>
  </address>
</person><person>
  <firstName>Gordon</firstName>
  <lastName>Gekko</lastName>
  <id>aef1</id>
  <address>
    <address>1 Wall Street</address>
    <city>New York</city>
    <state>NY</state>
    <zip>10005-0012</zip>
    <country>USA</country>
  </address>
</person><person>
  <firstName>Bud</firstName>
  <lastName>Fox</lastName>
  <id>321f</id>
  <address>
    <address>321 Bronx Street</address>
    <city>New York</city>
    <state>NY</state>
    <zip>10004</zip>
    <country>USA</country>
  </address>
  <email>
    <emails>
      <string>bfox@gmail.com</string>
      <string>csheen@crazy.net</string>
    </emails>
  </email>
</person><person>
  <firstName>Dale</firstName>
  <lastName>Sveum</lastName>
  <id>ma12</id>
  <address>
    <address>1060 West Addison Street</address>
    <city>Chicago</city>
    <state>IL</state>
    <zip>60613</zip>
    <country>USA</country>
  </address>
  <email>
    <emails>
      <string>sveum@cubs.com</string>
    </emails>
  </email>
</person><person>
  <firstName>William</firstName>
  <lastName>Hartnell</lastName>
  <id>321nd</id>
  <address>
    <address>1060 West Addison Street</address>
    <city>Chicago</city>
    <state>IL</state>
    <zip>60613</zip>
    <country>USA</country>
  </address>
  <email>
    <emails>
      <string>whartnell@doctors.com</string>
      <string>dr@who.com</string>
    </emails>
  </email>
</person><person>
  <firstName>Patrick</firstName>
  <lastName>Troughton</lastName>
  <id>nf32a</id>
  <address>
    <address>1060 West Addison Street</address>
    <city>Chicago</city>
    <state>IL</state>
    <zip>60613</zip>
    <country>USA</country>
  </address>
  <email>
    <emails>
      <string>ptroug@cse.unl.edu</string>
      <string>ptrou32@unl.edu</string>
    </emails>
  </email>
</person><person>
  <firstName>Jon</firstName>
  <lastName>Pertwee</lastName>
  <id>321na</id>
  <address>
    <address>301 Front St W</address>
    <city> Toronto</city>
    <state> ON</state>
    <zip> M5V 2T6</zip>
    <country> Canada</country>
  </address>
  <email>
    <emails>
      <string>jpet@whofan.com</string>
    </emails>
  </email>
</person><person>
  <firstName>Tom</firstName>
  <lastName>Baker</lastName>
  <id>231</id>
  <address>
    <address>1 Blue Jays Way</address>
    <city> Toronto</city>
    <state> ON</state>
    <zip> M5V 1J1</zip>
    <country> Canada</country>
  </address>
  <email>
    <emails>
      <string>famousdoc@who.com</string>
      <string>tbaker@cse.unl.edu</string>
      <string>mostfamous@whovian.com</string>
      <string>thedoctor@bbc.com</string>
    </emails>
  </email>
</person><person>
  <firstName>Richard</firstName>
  <lastName>Hurndall</lastName>
  <id>6doc</id>
  <address>
    <address>Campos El290</address>
    <city>Mexico City</city>
    <state> FD</state>
    <zip></zip>
    <country> Mexico</country>
  </address>
  <email>
    <emails>
      <string>rhurndall@cse.unl.edu</string>
      <string>richard@unl.edu</string>
    </emails>
  </email>
</person><person>
  <firstName>C.</firstName>
  <lastName>Baker</lastName>
  <id>321dr</id>
  <address>
    <address>Avery Hall</address>
    <city>Lincoln</city>
    <state>NE</state>
    <zip>68503</zip>
    <country>USA</country>
  </address>
  <email>
    <emails>
      <string>dr@baker.com</string>
    </emails>
  </email>
</person><person>
  <firstName>Sylvester</firstName>
  <lastName>McCoy</lastName>
  <id>1svndr</id>
  <address>
    <address>126-01 Roosevelt Ave</address>
    <city> Flushing</city>
    <state> NY</state>
    <zip>11368</zip>
    <country>USA</country>
  </address>
  <email>
    <emails>
      <string>slyguy@hotmail.com</string>
      <string>mccoy@whofan.com</string>
    </emails>
  </email>
</person><person>
  <firstName>Paul</firstName>
  <lastName>McGann</lastName>
  <id>123lst</id>
  <address>
    <address>1 MetLife Stadium Dr</address>
    <city> East Rutherford</city>
    <state> NJ</state>
    <zip>07073</zip>
    <country>USA</country>
  </address>
  <email>
    <emails>
      <string>pmcgann@mlb.com</string>
      <string>foo@bar.com</string>
      <string>pmc@unl.edu</string>
    </emails>
  </email>
</person><person>
  <firstName>Chris</firstName>
  <lastName>Eccleston</lastName>
  <id>nwdoc1</id>
  <address>
    <address>1 E 161st St</address>
    <city> Bronx</city>
    <state> NY</state>
    <zip>10451</zip>
    <country>USA</country>
  </address>
  <email>
    <emails>
      <string>newguy@whovian.com</string>
    </emails>
  </email>
</person><person>
  <firstName>David</firstName>
  <lastName>Tennant</lastName>
  <id>2ndbestd</id>
  <address>
    <address>700 E Grand Ave</address>
    <city> Chicago</city>
    <state> IL</state>
    <zip> 60611</zip>
    <country>USA</country>
  </address>
  <email>
    <emails>
      <string>actor@shakespeare.com</string>
      <string>tdavid@unl.edu</string>
    </emails>
  </email>
</person><person>
  <firstName>Matt</firstName>
  <lastName>Smith</lastName>
  <id>wrddoc</id>
  <address>
    <address>333 W 35th St</address>
    <city> Chicago</city>
    <state> IL</state>
    <zip>60616</zip>
    <country>USA</country>
  </address>
  <email>
    <emails>
      <string>msmith@who.com</string>
      <string>thedoc@cse.unl.edu</string>
    </emails>
  </email>
</person><person>
  <firstName>Kaylee</firstName>
  <lastName>Ehrmantraut</lastName>
  <id>bbchar</id>
  <address>
    <address>800 West 7th Street</address>
    <city> Albuquerque</city>
    <state> NM</state>
    <zip> 87105</zip>
    <country>USA</country>
  </address>
</person><person>
  <firstName>Peter</firstName>
  <lastName>Davison</lastName>
  <id>doc05</id>
  <address>
    <address>123 Cabo San Lucas</address>
    <city> Los Cabos</city>
    <state> BCS</state>
    <zip>11111</zip>
    <country> Mexico</country>
  </address>
</person>