{
  "endDate": "2017-01-13",
  "startDate": "2018-01-12",
  "address": {
    "address": "179 West Lane",
    "city": "Lincoln",
    "state": "NE",
    "zip": "68588-0115",
    "country": "USA"
  },
  "cost": "450.00",
  "pack": "Gold Package",
  "code": "b29e",
  "product": "Y"
}
{
  "cost": "4.99",
  "name": "Boxing Glove-Large",
  "code": "ff23",
  "product": "R"
}
{
  "date": "2016-10-21",
  "time": "13:10",
  "address": {
    "address": "3555 South 140th Plaza",
    "city": "Omaha",
    "state": " NE",
    "zip": " 68144",
    "country": " USA"
  },
  "cost": "21.50",
  "code": "fp12",
  "product": "D"
}
{
  "cost": "25.00",
  "code": "90fa",
  "product": "P"
}
{
  "date": "2018-01-16",
  "time": "15:30",
  "address": {
    "address": "755 Willard Drive",
    "city": "Ashwaubenon",
    "state": " WI",
    "zip": " 54304",
    "country": " USA"
  },
  "cost": "11.00",
  "code": "1239",
  "product": "D"
}
{
  "date": "2016-11-10",
  "time": "10:00",
  "address": {
    "address": "6301 University Ave",
    "city": "Cedar Falls",
    "state": " IA",
    "zip": " 50613",
    "country": " USA"
  },
  "cost": "25.00",
  "code": "782g",
  "product": "D"
}
{
  "cost": "55.00",
  "code": "3289",
  "product": "P"
}
{
  "cost": "5.50",
  "name": "Tennis Racket",
  "code": "32f4",
  "product": "R"
}
{
  "endDate": "2017-11-24",
  "startDate": "2018-11-23",
  "address": {
    "address": "449 3rd Ave",
    "city": "Omaha",
    "state": "NE",
    "zip": "68521-5593",
    "country": "USA"
  },
  "cost": "550.0",
  "pack": "Ultimate Workout",
  "code": "3y92",
  "product": "Y"
}
{
  "cost": "20.00",
  "code": "90fb",
  "product": "P"
}
{
  "endDate": "2016-10-07",
  "startDate": "2017-10-06",
  "address": {
    "address": "375 Northwoods",
    "city": "Souix City",
    "state": " IA",
    "zip": " 44982",
    "country": " USA"
  },
  "cost": "185.0",
  "pack": "Bronze Fit",
  "code": "xer4",
  "product": "Y"
}
{
  "cost": "19.50",
  "name": "Cross Country Skis-Large",
  "code": "yp23",
  "product": "R"
}
